variable,n,mean,sd,min,p50,max
duration_sec,7873,248.23346,651.63636,11,188,55342
