variable,n,mean,sd,min,p50,max
duration_sec,7961,259.11142,847.32084,11,188,55342
