variable,value,n,pct
flu_vacc_lastyear,0,3455,43.530301
flu_vacc_lastyear,1,4482,56.469699
flu_vacc_lastyear,.,66,.8246907409721356
prior_vaccines,1,872,10.986519
prior_vaccines,2,970,12.221242
prior_vaccines,3,991,12.485826
prior_vaccines,4,5104,64.306413
prior_vaccines,.,66,.8246907409721356
vacc_intent,1,3005,37.860653
vacc_intent,2,1520,19.150813
vacc_intent,3,1141,14.375709
vacc_intent,4,2271,28.612826
vacc_intent,.,66,.8246907409721356
had_prior_covid,0,1842,23.207761
had_prior_covid,1,