variable,n,mean,sd,min,p50,max
duration_sec,3062,386.32299,3411.8619,18,233,176003
guess_placebo,3002,16.268554,17.112279,0,10,100
guess_vaccine,3006,14.10831,17.373175,-99,7,100
