variable,n,mean,sd,min,p50,max
duration_sec,3078,385.41358,3403.0659,11,233,176003
guess_placebo,3016,16.254708,17.104013,0,10,100
guess_vaccine,3019,14.074455,17.349217,-99,7,100
