variable,n,mean,sd,min,p50,max
duration_sec,3538,404.96806,981.887,49,317,56447
post_trial,3538,16.046051,19.035261,0,6,98
posterior_novacc,3538,12.531605,20.167014,0,3,100
posterior_vacc,3538,25.711153,28.071772,0,10,100
delta,3538,13.179548,26.171004,-96,3,100
prior_diff,3538,1.526286,1.9613206,-6,1,6
