variable,n,mean,sd,min,p50,max
duration_sec,8003,258.48582,845.22379,10,188,55342
